時間,儲能電池 SoC (%),微電網功率1 (kW),微電網功率2 (kW),太陽能發電量 (kW),負載用電量 (kW)
2025-01-01 00:00:00,80,44.47499375,49.27469704,0,49.81010284
2025-01-01 01:00:00,79.61747646,26.73321716,27.75203305,0,38.25235354
2025-01-01 02:00:00,79.24307285,26.71452844,27.53875503,0,37.44036172
2025-01-01 03:00:00,78.78779026,36.10923269,38.58996448,0,45.52825921
2025-01-01 04:00:00,78.41962955,37.78819805,40.90589593,0,36.81607081
2025-01-01 05:00:00,77.93347808,37.40258624,38.96737231,0,48.61514651
2025-01-01 06:00:00,77.46179553,22.74460512,19.02556259,0,47.16825504
2025-01-01 07:00:00,77.37667392,46.32382588,44.70650094,20.0677198,28.57988055
2025-01-01 08:00:00,77.3594982,27.96800128,32.24883768,33.29984855,35.01742136
2025-01-01 09:00:00,77.43237939,23.88544764,21.13160376,42.37897713,35.09085748
2025-01-01 10:00:00,77.53912029,46.6624424,45.38411263,32.73656742,22.06247738
2025-01-01 11:00:00,77.52372703,48.66954495,47.99031378,36.51173159,38.05105813
2025-01-01 12:00:00,77.55171836,45.86382852,45.25787841,32.90418061,30.10504745
2025-01-01 13:00:00,77.89453557,44.28548224,45.41487807,70.81087025,36.52914932
2025-01-01 14:00:00,78.1506237,39.65725942,44.0880178,52.00980565,26.40099202
2025-01-01 15:00:00,78.23399255,36.52572112,33.93264824,46.2473495,37.91046457
2025-01-01 16:00:00,78.11129834,22.6096028,18.82461656,15.51461236,27.78403357
2025-01-01 17:00:00,78.1122921,32.25359639,29.22830129,20.31612844,20.21675303
2025-01-01 18:00:00,77.6312157,31.18065551,35.04990451,8.77118E-15,48.10763953
2025-01-01 19:00:00,77.31295837,27.79261351,29.25072164,0,31.82573354
2025-01-01 20:00:00,76.94909564,41.70260341,39.5616713,0,36.38627275
2025-01-01 21:00:00,76.45908324,34.87627205,38.03574144,0,49.00123934
2025-01-01 22:00:00,75.96896182,22.43138648,26.04508644,0,49.01214294
2025-01-01 23:00:00,75.55427424,26.60549606,30.07063945,0,41.46875776
2025-01-02 00:00:00,75.1279068,40.49776291,44.68702825,0,42.63674424
2025-01-02 01:00:00,74.73821769,22.28392578,19.80633599,0,38.96891044
2025-01-02 02:00:00,74.37957554,45.53620742,48.08662671,0,35.86421543
2025-01-02 03:00:00,74.01384263,34.85439581,34.45979078,0,36.57329091
2025-01-02 04:00:00,73.57933894,34.41759732,37.83758285,0,43.45036912
2025-01-02 05:00:00,73.12886403,37.77223354,40.05714031,0,45.04749059
2025-01-02 06:00:00,72.67054822,44.74042898,47.50490344,0,45.83158087
2025-01-02 07:00:00,72.41380019,30.43427624,31.99589461,10.11755957,35.79236286
2025-01-02 08:00:00,72.3914101,40.34048458,37.11477227,19.58511275,21.82412206
2025-01-02 09:00:00,72.41222395,36.97195892,37.42222811,31.96979109,29.88840609
2025-01-02 10:00:00,72.68774601,28.01084811,32.8575455,48.70338214,21.1511752
2025-01-02 11:00:00,72.87623141,46.35889959,50.73278026,49.83911724,30.99057765
2025-01-02 12:00:00,73.03353988,43.92278065,39.35451801,44.56145701,28.83061003
2025-01-02 13:00:00,73.24127905,39.75355504,36.4017032,58.52800043,37.75408366
2025-01-02 14:00:00,73.29130628,45.51745187,41.83473961,32.02102346,27.01830025
2025-01-02 15:00:00,73.38331364,46.01882603,48.27862513,31.54207654,22.34134033
2025-01-02 16:00:00,73.39630577,41.2508893,44.4287426,24.15904608,22.85983364
2025-01-02 17:00:00,73.18066915,45.11039985,42.24551351,13.66655124,35.23021263
2025-01-02 18:00:00,72.75702554,40.92414385,40.98267078,8.48176E-15,42.36436127
2025-01-02 19:00:00,72.43680101,40.40422315,43.81125343,0,32.02245352
2025-01-02 20:00:00,72.11997964,38.55834135,40.88635679,0,31.68213612
2025-01-02 21:00:00,71.67978582,42.58149919,43.00387124,0,44.01938263
2025-01-02 22:00:00,71.36523322,24.75815316,25.66163006,0,31.45526013
2025-01-02 23:00:00,70.9008612,46.42612278,46.50972825,0,46.43720119
2025-01-03 00:00:00,70.45961276,46.15530583,44.13079035,0,44.12484454
2025-01-03 01:00:00,70.143343,20.87741849,21.52763842,0,31.62697561
2025-01-03 02:00:00,69.82637546,44.77450252,46.66335554,0,31.69675428
2025-01-03 03:00:00,69.32904754,23.86609602,27.59932518,0,49.73279157
2025-01-03 04:00:00,68.95419339,30.05356563,31.41647917,0,37.48541592
2025-01-03 05:00:00,68.58006496,42.30524769,44.91646306,0,37.41284294
2025-01-03 06:00:00,68.11750504,24.82279688,21.42351323,0,46.25599135
2025-01-03 07:00:00,67.87224787,44.53901072,44.15458547,14.41925467,38.94497155
2025-01-03 08:00:00,67.7731513,44.96402534,40.05734154,29.81036422,39.72002128
2025-01-03 09:00:00,67.6510304,35.22403201,32.69082066,22.85547353,35.06756371
2025-01-03 10:00:00,67.89866074,20.19157615,22.4561933,52.2882259,27.52519171
2025-01-03 11:00:00,68.05409518,28.611144,33.52924351,37.21345754,21.67001433
2025-01-03 12:00:00,68.03119159,38.50780755,34.49958855,33.25257965,35.54293832
2025-01-03 13:00:00,68.46756501,49.43558534,48.4505285,74.80542712,31.16808499
2025-01-03 14:00:00,68.86065916,38.95440581,41.9551155,67.79385568,28.48444018
2025-01-03 15:00:00,68.97733195,27.79410743,24.83446378,49.79436577,38.1270877
2025-01-03 16:00:00,68.98124589,39.02017109,39.57102059,22.61534423,22.22394965
2025-01-03 17:00:00,68.77300629,36.19956139,38.53027435,9.028541517,29.85250209
2025-01-03 18:00:00,68.47073556,43.39536185,44.55521636,7.86366E-15,30.2270729
2025-01-03 19:00:00,68.07700343,23.20941916,20.08966651,0,39.37321284
2025-01-03 20:00:00,67.76574277,42.83083708,41.38468276,0,31.12606551
2025-01-03 21:00:00,67.44197919,36.23799736,39.07591521,0,32.37635833
2025-01-03 22:00:00,67.11847394,48.88976012,49.43202526,0,32.35052494
2025-01-03 23:00:00,66.68863188,30.25616498,25.30846112,0,42.98420604
2025-01-04 00:00:00,66.2394229,38.97865679,41.58856439,0,44.92089759
2025-01-04 01:00:00,65.82274915,47.96084317,43.31395671,0,41.6673753
2025-01-04 02:00:00,65.33031464,23.07529184,25.53262967,0,49.24345097
2025-01-04 03:00:00,64.95534053,48.11685462,45.14166022,0,37.49741159
2025-01-04 04:00:00,64.59819811,40.63657167,45.21730647,0,35.71424173
2025-01-04 05:00:00,64.12447828,22.03511177,20.71451929,0,47.37198256
2025-01-04 06:00:00,63.77975912,29.02890701,27.29822317,0,34.47191677
2025-01-04 07:00:00,63.48055323,41.24516266,37.73404316,9.343862324,39.26445079
2025-01-04 08:00:00,63.55191656,22.02051804,20.0765602,27.37942275,20.24308949
2025-01-04 09:00:00,63.38223101,37.46511381,41.23162142,22.42902126,39.39757653
2025-01-04 10:00:00,63.82715393,30.37649171,35.33983508,65.35549053,20.86319824
2025-01-04 11:00:00,63.86368419,38.62746553,37.31056084,41.47588817,37.82286227
2025-01-04 12:00:00,64.18940511,21.37226101,20.85836732,63.12611422,30.55402218
2025-01-04 13:00:00,64.23113479,46.14610418,48.36681357,44.03226373,39.85929592
2025-01-04 14:00:00,64.50137916,49.20466908,53.06662688,48.50036802,21.47593129
2025-01-04 15:00:00,64.59603161,49.06633566,49.996779,40.54233073,31.07708569
2025-01-04 16:00:00,64.39838471,42.48955495,41.40481193,19.62136139,39.38605071
2025-01-04 17:00:00,64.29688434,23.9025872,23.02880561,20.31191973,30.46195688
2025-01-04 18:00:00,63.87100462,42.74789588,44.70407734,8.42026E-15,42.58797276
2025-01-04 19:00:00,63.43185488,20.73760749,15.76979013,0,43.91497378
2025-01-04 20:00:00,63.04094666,20.66370655,21.85959992,0,39.0908213
2025-01-04 21:00:00,62.61543505,29.70830657,28.26323668,0,42.5511616
2025-01-04 22:00:00,62.19857219,34.65929571,37.60126902,0,41.68628624
2025-01-04 23:00:00,61.71834058,43.11222253,39.04212893,0,48.02316021
2025-01-05 00:00:00,61.40925131,40.4988613,41.38088397,0,30.90892761
2025-01-05 01:00:00,61.05305867,33.37708119,33.18681009,0,35.61926379
2025-01-05 02:00:00,60.56297637,28.20879999,29.63205525,0,49.00822968
2025-01-05 03:00:00,60.08492362,49.913735,45.56227095,0,47.80527568
2025-01-05 04:00:00,59.69379227,32.78543907,33.58527694,0,39.11313506
2025-01-05 05:00:00,59.26976575,33.54161073,34.15645661,0,42.40265196
2025-01-05 06:00:00,58.91428951,24.90871464,25.51531558,0,35.54762366
2025-01-05 07:00:00,58.87011017,43.84428646,44.87916313,19.34448937,23.76242319
2025-01-05 08:00:00,58.87684549,40.81046677,42.57514615,29.94749947,29.2739681
2025-01-05 09:00:00,59.14423884,26.62308838,29.67297838,53.80637958,27.06704456
2025-01-05 10:00:00,59.12563361,22.47143137,20.16963857,29.81259985,31.67312224
2025-01-05 11:00:00,59.29451689,40.41497906,43.66547316,38.4430202,21.55469274
2025-01-05 12:00:00,59.22225157,39.63533643,39.61789325,32.26136445,39.48789615
2025-01-05 13:00:00,59.27190965,28.19778581,23.9683686,44.69002322,39.72421489
2025-01-05 14:00:00,59.36038713,48.52590687,44.11141616,42.81098245,33.96323428
2025-01-05 15:00:00,59.36123627,24.53173675,22.87411994,30.80684046,30.72192733
2025-01-05 16:00:00,59.45651512,32.97004403,35.8190138,35.71843773,26.19055233
2025-01-05 17:00:00,59.21756911,48.30847761,50.38528695,12.38129912,36.27590039
2025-01-05 18:00:00,58.78062287,32.59181951,35.47796915,5.39417E-15,43.69462345
2025-01-05 19:00:00,58.44809948,39.15577843,39.32846899,0,33.25233879
2025-01-05 20:00:00,57.96591405,31.92783194,31.32982192,0,48.21854369
2025-01-05 21:00:00,57.5014066,28.22645607,24.70098134,0,46.45074486
2025-01-05 22:00:00,57.01144662,49.51932944,47.80125697,0,48.99599827
2025-01-05 23:00:00,56.56630272,32.28002019,31.62021385,0,44.51439017
2025-01-06 00:00:00,56.14361968,46.82297611,42.70898041,0,42.26830392
2025-01-06 01:00:00,55.75997107,26.89863818,24.1047577,0,38.36486073
2025-01-06 02:00:00,55.27342537,26.39314112,27.37539406,0,48.65456967
2025-01-06 03:00:00,54.80021259,20.93402249,23.29065363,0,47.32127779
2025-01-06 04:00:00,54.49116886,39.55000476,44.53347988,0,30.9043734
2025-01-06 05:00:00,54.18589547,31.05579031,35.38692363,0,30.52733949
2025-01-06 06:00:00,53.81060279,45.9307475,47.35639949,0,37.52926734
2025-01-06 07:00:00,53.54437478,34.1962972,33.40877773,9.58826502,36.21106662
2025-01-06 08:00:00,53.4974688,49.04580284,50.40757648,35.05492452,39.74552259
2025-01-06 09:00:00,53.50587508,25.56576547,28.42228165,23.84896672,23.00833782
2025-01-06 10:00:00,53.87419114,46.05869504,42.24205695,68.71422,31.88261431
2025-01-06 11:00:00,54.2607563,43.29790558,42.39695448,66.27433313,27.61781713
2025-01-06 12:00:00,54.26613126,43.12765534,46.5256782,39.93578408,39.39828796
2025-01-06 13:00:00,54.1901522,45.34349684,44.18182636,29.24447257,36.84237846
2025-01-06 14:00:00,54.43539924,42.83071973,43.54944244,61.29127776,36.76657409
2025-01-06 15:00:00,54.60370445,38.78660965,39.66430326,46.20438449,29.3738632
2025-01-06 16:00:00,54.65299234,23.93734633,20.78210886,33.2251792,28.29639005
2025-01-06 17:00:00,54.57576637,20.97578538,19.5981398,17.74554409,25.46814144
2025-01-06 18:00:00,54.26449127,47.62543543,45.97054832,4.12733E-15,31.12750993
2025-01-06 19:00:00,53.7915468,38.49950944,33.76147652,0,47.29444753
2025-01-06 20:00:00,53.32896659,43.89611873,39.13803637,0,46.25802018
2025-01-06 21:00:00,52.82902306,34.44567055,37.76264098,0,49.99435347
2025-01-06 22:00:00,52.32969569,23.51924567,21.24995377,0,49.93273674
2025-01-06 23:00:00,51.91860935,23.75557377,23.93636143,0,41.10863411
2025-01-07 00:00:00,51.46481187,40.56695862,38.55421435,0,45.3797483
2025-01-07 01:00:00,50.97585872,32.90917685,37.3159693,0,48.8953146
2025-01-07 02:00:00,50.50592924,26.0157418,23.60870939,0,46.99294781
2025-01-07 03:00:00,50.15645962,34.7478364,34.04440453,0,34.94696203
2025-01-07 04:00:00,49.7663508,21.92626811,25.65357062,0,39.01088271
2025-01-07 05:00:00,49.44051891,37.45914206,40.87847773,0,32.5831883
2025-01-07 06:00:00,48.94970871,28.06980213,24.93081631,0,49.08102055
2025-01-07 07:00:00,48.72111405,43.92677302,46.95320612,9.26402732,32.12349269
2025-01-07 08:00:00,48.84116135,29.31085877,28.89272764,36.57758565,24.57285611
2025-01-07 09:00:00,48.93932241,33.65660447,33.48629319,43.25012004,33.43401369
2025-01-07 10:00:00,49.01878743,20.3486162,16.68341592,40.30906689,32.36256481
2025-01-07 11:00:00,49.06762896,22.17340663,17.97942177,32.04740739,27.16325436
2025-01-07 12:00:00,49.30040861,31.77480669,34.05419976,45.54911609,22.27115184
2025-01-07 13:00:00,49.4129232,34.39816504,34.36277657,44.68292324,33.43146391
2025-01-07 14:00:00,49.68459802,38.00061644,37.36912347,57.57363637,30.40615402
2025-01-07 15:00:00,49.76767699,28.74987736,31.04495965,43.75426401,35.44636783
2025-01-07 16:00:00,49.83544747,40.84945658,43.50458557,37.18031856,30.40327002
2025-01-07 17:00:00,49.60376599,45.80367192,42.39275359,13.87548215,37.04363001
2025-01-07 18:00:00,49.19338462,43.39552967,44.49778116,4.40624E-15,41.03813678
2025-01-07 19:00:00,48.78119703,21.18856476,17.54210558,0,41.21875943
2025-01-07 20:00:00,48.30586631,34.41520842,36.92895928,0,47.53307205
2025-01-07 21:00:00,47.92516974,23.14790535,24.71745692,0,38.06965732
2025-01-07 22:00:00,47.59836669,27.26135048,31.82749669,0,32.68030457
2025-01-07 23:00:00,47.29261016,49.5998778,45.28945796,0,30.57565353
2025-01-08 00:00:00,46.8415827,24.27486629,19.8454135,0,45.10274511
2025-01-08 01:00:00,46.41752079,34.9666446,32.78851535,0,42.40619103
2025-01-08 02:00:00,45.97670484,38.54467203,36.16172887,0,44.08159536
2025-01-08 03:00:00,45.63411201,41.07394912,38.54373711,0,34.25928323
2025-01-08 04:00:00,45.30683771,36.7894605,40.85200631,0,32.72742951
2025-01-08 05:00:00,45.00392878,20.29312542,17.78858742,0,30.29089331
2025-01-08 06:00:00,44.63381127,29.79383925,27.51333651,0,37.01175118
2025-01-08 07:00:00,44.49192627,35.5313493,38.12533193,17.60985434,31.79835374
2025-01-08 08:00:00,44.50379676,22.63599497,22.1333934,29.03192994,27.8448809
2025-01-08 09:00:00,44.70101188,30.51880794,33.28591351,48.47100949,28.74949844
2025-01-08 10:00:00,44.79380752,20.99609326,16.64975484,47.36273865,38.08317389
2025-01-08 11:00:00,45.06639475,22.35735491,22.23306685,54.2238318,26.96510934
2025-01-08 12:00:00,45.27736736,31.90769829,27.24383429,51.37705092,30.27978978
2025-01-08 13:00:00,45.222691,23.98147262,19.60800466,30.20542434,35.67306025
2025-01-08 14:00:00,45.24990842,37.02622545,41.09059998,30.65259794,27.93085565
2025-01-08 15:00:00,45.14873501,40.68394907,37.07640279,22.32439295,32.441734
2025-01-08 16:00:00,45.08536487,44.01760097,44.3418078,30.91026028,37.24727417
2025-01-08 17:00:00,44.81378712,26.00450733,25.11546335,11.8326371,38.99041247
2025-01-08 18:00:00,44.48437242,25.02447747,23.49791073,6.78804E-15,32.94146962
2025-01-08 19:00:00,43.9990549,23.13703521,27.13536867,0,48.5317525
2025-01-08 20:00:00,43.60063164,39.09290749,34.31114145,0,39.84232586
2025-01-08 21:00:00,43.24898276,41.19427179,42.83216866,0,35.16488777
2025-01-08 22:00:00,42.85715561,20.94758434,25.58152869,0,39.18271512
2025-01-08 23:00:00,42.3611491,48.08636739,48.68804922,0,49.60065151
2025-01-09 00:00:00,41.96262548,21.55913851,25.92736313,0,39.85236188
2025-01-09 01:00:00,41.59687515,36.23889006,31.76146885,0,36.57503221
2025-01-09 02:00:00,41.17019498,41.27181558,40.45974877,0,42.66801709
2025-01-09 03:00:00,40.82216586,46.12907371,43.73065162,0,34.80291238
2025-01-09 04:00:00,40.50699319,41.42260796,43.73081761,0,31.51726656
2025-01-09 05:00:00,40.18121725,44.05184249,48.8648134,0,32.57759444
2025-01-09 06:00:00,39.85560808,30.18350578,27.7488064,0,32.56091678
2025-01-09 07:00:00,39.73513405,44.44475341,45.98649943,10.99065019,23.03805387
2025-01-09 08:00:00,39.75996434,22.40344539,19.38442172,25.25957308,22.77654345
2025-01-09 09:00:00,39.91104909,46.84449968,47.49780223,47.92597012,32.8174949
2025-01-09 10:00:00,40.03355321,36.42777128,36.06709615,35.8880133,23.63760169
2025-01-09 11:00:00,40.09137594,44.5189331,49.2389864,32.69561894,26.91334567
2025-01-09 12:00:00,40.15689399,33.56954854,34.65482126,44.48757265,37.9357682
2025-01-09 13:00:00,40.22974331,39.30733086,37.80239458,36.76416504,29.47923281
2025-01-09 14:00:00,40.55861028,35.79207983,31.93303768,66.23785135,33.35115477
2025-01-09 15:00:00,40.82199204,41.94768565,38.46015394,49.78457346,23.44639742
2025-01-09 16:00:00,40.89188517,22.44889946,19.70206876,30.83509391,23.84578038
2025-01-09 17:00:00,40.87413246,21.81056252,19.32022913,19.04210124,20.81737233
2025-01-09 18:00:00,40.54034545,27.41309702,30.9192576,8.59501E-15,33.37870126
2025-01-09 19:00:00,40.18462738,24.7863404,25.39856829,0,35.57180678
2025-01-09 20:00:00,39.84922528,46.153507,46.38741611,0,33.54020969
2025-01-09 21:00:00,39.53148478,26.57641962,22.72410834,0,31.77405068
2025-01-09 22:00:00,39.2073576,49.27595767,52.87735461,0,32.41271742
2025-01-09 23:00:00,38.81520185,30.10687375,32.33501679,0,39.21557536
2025-01-10 00:00:00,38.4739351,25.46353747,21.14022109,0,34.12667437
2025-01-10 01:00:00,38.10108113,43.69095521,45.76930619,0,37.28539722
2025-01-10 02:00:00,37.70039768,39.76123327,40.19661544,0,40.06834542
2025-01-10 03:00:00,37.26231871,34.94587149,30.76312495,0,43.80789657
2025-01-10 04:00:00,36.95445628,36.66090653,36.24391294,0,30.7862428
2025-01-10 05:00:00,36.4945742,41.57605335,41.42301622,0,45.98820798
2025-01-10 06:00:00,36.06899413,26.85364224,23.51138764,0,42.55800779
2025-01-10 07:00:00,36.04579367,49.89001748,54.34699895,19.31513474,21.63518064
2025-01-10 08:00:00,35.9559135,49.24379486,52.74354858,28.48355605,37.47157248
2025-01-10 09:00:00,36.06934426,39.50977059,41.19999396,49.76052389,38.41744801
2025-01-10 10:00:00,36.50495521,25.98627353,25.60922914,64.78265361,21.2215592
2025-01-10 11:00:00,36.69294131,40.40684727,39.52450269,44.33616325,25.53755296
2025-01-10 12:00:00,36.68672702,22.16595227,23.67568694,35.50259623,36.1240256
2025-01-10 13:00:00,36.73693706,20.91957507,21.37389376,39.9861978,34.96519381
2025-01-10 14:00:00,36.94478357,27.73048666,23.35321771,44.47507187,23.69042039
2025-01-10 15:00:00,37.20425763,33.8786887,34.00371519,50.13439284,24.18698647
2025-01-10 16:00:00,37.29534586,46.04817516,49.11221133,36.51826458,27.40944206
2025-01-10 17:00:00,37.07698665,41.81507209,41.40747087,7.854538542,29.6904597
2025-01-10 18:00:00,36.65333569,42.28119564,37.80076141,6.80137E-15,42.36509543
2025-01-10 19:00:00,36.27955297,32.76480003,35.62758203,0,37.37827279
2025-01-10 20:00:00,35.88704602,30.37804978,27.3916876,0,39.25069432
2025-01-10 21:00:00,35.43755183,31.13116289,28.71737124,0,44.94941876
2025-01-10 22:00:00,35.13021519,49.62948691,46.27655045,0,30.73366406
2025-01-10 23:00:00,34.77972781,21.20327574,19.50542639,0,35.04873889
2025-01-11 00:00:00,34.33705789,46.01094488,48.57845994,0,44.26699172
2025-01-11 01:00:00,33.85801652,37.36026226,37.55412085,0,47.90413675
2025-01-11 02:00:00,33.45568103,33.15846258,30.20727532,0,40.23354884
2025-01-11 03:00:00,33.04925834,41.75772981,45.53603059,0,40.64226971
2025-01-11 04:00:00,32.72782393,34.60006824,38.39588679,0,32.14344023
2025-01-11 05:00:00,32.33834146,46.20269714,49.90848139,0,38.94824734
2025-01-11 06:00:00,31.93181801,47.02105592,44.40901803,0,40.65234533
2025-01-11 07:00:00,31.78971248,32.65162781,32.16402125,10.63885792,24.84941007
2025-01-11 08:00:00,31.71583018,28.30483392,33.15473048,17.99663418,25.38486462
2025-01-11 09:00:00,31.77187037,37.77050986,40.49063462,33.14970229,27.54568326
2025-01-11 10:00:00,32.23595563,47.37090037,42.64257458,66.80994997,20.40142396
2025-01-11 11:00:00,32.41741258,26.31986567,21.97191158,44.58727775,26.44158331
2025-01-11 12:00:00,32.73451828,38.68899751,38.32831128,55.93953109,24.22896014
2025-01-11 13:00:00,33.09832865,38.9468066,43.03900866,62.93098323,26.54994704
2025-01-11 14:00:00,33.29164008,41.99339067,42.38040865,41.72638577,22.39524264
2025-01-11 15:00:00,33.46924351,23.94703055,23.92515563,55.57088846,37.81054561
2025-01-11 16:00:00,33.54113684,41.47474894,37.52948594,39.06118237,31.87184907
2025-01-11 17:00:00,33.31554512,47.27097562,48.83877667,11.02287402,33.58204638
2025-01-11 18:00:00,32.85771087,25.39049327,28.61152487,6.71871E-15,45.78342477
2025-01-11 19:00:00,32.45802243,27.12629975,25.93049982,0,39.96884398
2025-01-11 20:00:00,32.14063837,49.14185282,51.89797133,0,31.73840576
2025-01-11 21:00:00,31.73321706,25.42930858,30.07407512,0,40.74213084
2025-01-11 22:00:00,31.31584884,45.6315528,42.66921739,0,41.73682236
2025-01-11 23:00:00,30.86676094,34.76833569,35.00163201,0,44.90878948
2025-01-12 00:00:00,30.48042903,27.41693223,25.28831181,0,38.63319092
2025-01-12 01:00:00,30.15491297,46.12249704,49.05104123,0,32.55160606
2025-01-12 02:00:00,29.79815779,33.35915765,34.13509131,0,35.67551812
2025-01-12 03:00:00,29.42554133,35.44452062,36.79034479,0,37.26164593
2025-01-12 04:00:00,28.99635789,30.77700108,33.75614268,0,42.91834483
2025-01-12 05:00:00,28.58220222,37.78852554,36.74823027,0,41.41556609
2025-01-12 06:00:00,28.21098288,24.90571618,29.05661686,0,37.12193452
2025-01-12 07:00:00,27.92818662,31.7324461,32.06273477,11.45067859,39.73030498
2025-01-12 08:00:00,27.76625339,49.08236967,45.6619179,15.92217368,32.11549639
2025-01-12 09:00:00,27.9464536,27.74400298,29.70299416,42.76455714,24.74453583
2025-01-12 10:00:00,28.20357113,39.70209994,42.63471344,47.74740232,22.03564945
2025-01-12 11:00:00,28.28763938,29.75570193,27.9233187,31.46400756,23.05718278
2025-01-12 12:00:00,28.47777106,43.20419377,46.77598634,43.93232321,24.91915457
2025-01-12 13:00:00,28.97407128,23.92620982,27.98764237,72.84364861,23.21362747
2025-01-12 14:00:00,29.10029883,49.09463135,46.86367623,36.35409627,23.73134048
2025-01-12 15:00:00,29.10663991,33.61368624,38.44890097,26.33601077,25.70190337
2025-01-12 16:00:00,29.14432838,27.0815139,23.48862918,27.23631901,23.46747191
2025-01-12 17:00:00,28.97017356,22.20490242,19.2250591,20.51982682,37.93530849
2025-01-12 18:00:00,28.65412681,25.09273715,21.93498555,5.1561E-15,31.60467491
2025-01-12 19:00:00,28.24922453,35.59321846,39.53311556,0,40.49022779
2025-01-12 20:00:00,27.86714517,30.11009529,31.65302082,0,38.20793654
2025-01-12 21:00:00,27.37066945,44.86650098,41.38754381,0,49.64757234
2025-01-12 22:00:00,27.04826167,32.92662571,32.32985989,0,32.24077804
2025-01-12 23:00:00,26.66869055,27.46142818,28.61440843,0,37.95711198
2025-01-13 00:00:00,26.17479646,38.5143496,34.34899045,0,49.38940867
2025-01-13 01:00:00,25.70169503,41.20331651,45.02748019,0,47.31014252
2025-01-13 02:00:00,25.23828062,25.01125724,28.04729259,0,46.34144142
2025-01-13 03:00:00,24.88670005,25.02857649,25.08064422,0,35.15805654
2025-01-13 04:00:00,24.55252254,21.10014281,25.77140896,0,33.41775175
2025-01-13 05:00:00,24.11879389,42.09206045,41.26967024,0,43.3728644
2025-01-13 06:00:00,23.63291869,39.91413583,44.75523902,0,48.58751978
2025-01-13 07:00:00,23.49777266,34.23892627,35.91812626,17.62065443,31.13525786
2025-01-13 08:00:00,23.39285951,45.32511347,46.6718262,20.9409386,31.43225379
2025-01-13 09:00:00,23.60645908,44.17010459,40.82965354,46.95953935,25.59958187
2025-01-13 10:00:00,23.67162289,37.56063093,41.37990851,41.90623891,35.38985866
2025-01-13 11:00:00,24.02937215,46.04813842,45.32303529,59.51580138,23.74087497
2025-01-13 12:00:00,24.38140116,26.1752363,22.79757036,61.67648554,26.47358473
2025-01-13 13:00:00,24.64485092,23.35758858,18.48366378,54.85370501,28.50872877
2025-01-13 14:00:00,24.64223308,28.09248835,28.69004518,29.89042384,30.15220757
2025-01-13 15:00:00,24.9012072,21.71260568,21.9866019,50.74560638,24.84819465
2025-01-13 16:00:00,24.90843485,35.93508584,38.12862206,23.01950162,22.29673649
2025-01-13 17:00:00,24.68809383,48.09817077,52.0007513,10.17829849,32.21240085
2025-01-13 18:00:00,24.33036772,21.18030622,16.97437207,3.92362E-15,35.77261106
2025-01-13 19:00:00,23.91412007,23.66329742,25.97826232,0,41.62476443
2025-01-13 20:00:00,23.58324753,33.56597085,30.44009029,0,33.08725431
2025-01-13 21:00:00,23.18701951,48.01625053,51.59802106,0,39.62280204
2025-01-13 22:00:00,22.78050162,29.48468315,32.67531829,0,40.65178865
2025-01-13 23:00:00,22.47013692,35.21704426,35.62498181,0,31.03647074
2025-01-14 00:00:00,22.10281606,21.24718577,23.34961376,0,36.73208556
2025-01-14 01:00:00,21.77593312,24.45029603,22.59379716,0,32.68829354
2025-01-14 02:00:00,21.46325813,49.59890369,49.31058268,0,31.26749941
2025-01-14 03:00:00,20.96526608,48.95356089,52.16992987,0,49.79920465
2025-01-14 04:00:00,20.60079532,20.14819943,19.7408514,0,36.4470769
2025-01-14 05:00:00,20.13882043,48.55435356,47.13233622,0,46.19748892
2025-01-14 06:00:00,20,39.17359813,39.11572261,0,35.0928131
2025-01-14 07:00:00,20,46.03754884,49.32004136,16.53289941,33.63005444
2025-01-14 08:00:00,20,33.64219567,31.99427614,15.41469572,35.2045572
2025-01-14 09:00:00,20.07405652,35.46788086,32.20549679,39.31842714,31.91277481
2025-01-14 10:00:00,20.13762445,34.66539741,36.78553761,35.78831687,29.43152377
2025-01-14 11:00:00,20.45662855,40.00592773,43.26570985,60.13722782,28.23681828
2025-01-14 12:00:00,20.57403811,24.18953764,20.19591243,38.71832145,26.97736533
2025-01-14 13:00:00,20.81160733,20.8992077,18.29794882,62.34750507,38.59058288
2025-01-14 14:00:00,20.87275239,29.23789825,25.65761815,42.72689384,36.61238816
2025-01-14 15:00:00,21.02306311,41.14042288,39.619837,54.33160979,39.30053821
2025-01-14 16:00:00,20.9825839,26.05560356,25.55911335,18.4380236,22.48594447
2025-01-14 17:00:00,20.75819335,40.202973,42.69123637,12.17829472,34.6173495
2025-01-14 18:00:00,20.27052526,49.09736138,50.60883723,4.36877E-15,48.76680914
2025-01-14 19:00:00,20,22.81702147,24.02630715,0,33.62466132
2025-01-14 20:00:00,20,40.17806355,38.70181301,0,31.32992535
2025-01-14 21:00:00,20,33.31250658,36.72698211,0,44.82241299
2025-01-14 22:00:00,20,46.04426763,45.75713931,0,41.48946226
2025-01-14 23:00:00,20,25.31449368,30.10554306,0,46.83657554
2025-01-15 00:00:00,20,40.77877857,42.12019995,0,32.79544753
2025-01-15 01:00:00,20,45.14345869,41.40610611,0,45.90534624
2025-01-15 02:00:00,20,48.33842658,50.1002022,0,34.0325464
2025-01-15 03:00:00,20,40.49744085,38.748481,0,33.27311886
2025-01-15 04:00:00,20,34.91524292,36.77851489,0,33.28531596
2025-01-15 05:00:00,20,38.53541721,34.23182869,0,46.2914944
2025-01-15 06:00:00,20,46.06714953,42.81596391,0,43.30394441
2025-01-15 07:00:00,20,37.1182924,40.67566499,19.11817804,30.4613085
2025-01-15 08:00:00,20,20.91161179,18.18340736,21.44854069,27.17660968
2025-01-15 09:00:00,20.07003152,47.92846087,51.29887212,44.54716316,37.54401082
2025-01-15 10:00:00,20.40521772,40.68580253,38.47856342,61.36752141,27.84890215
2025-01-15 11:00:00,20.59981698,40.29540157,41.72422067,55.79191492,36.33198879
2025-01-15 12:00:00,20.87681528,26.47025457,28.41176031,56.48252892,28.78269817
2025-01-15 13:00:00,21.00800983,39.76656411,39.89311164,40.65834349,27.53888859
2025-01-15 14:00:00,21.01559618,31.81593217,29.86903894,30.01223022,29.25359571
2025-01-15 15:00:00,21.28466631,39.53698931,36.66343307,52.93457077,26.02755748
2025-01-15 16:00:00,21.31024895,23.19779091,18.52968445,37.51045143,34.9521876
2025-01-15 17:00:00,21.16927994,39.73535914,37.77482315,15.95750708,30.0544078
2025-01-15 18:00:00,20.8228374,49.98241177,51.51403968,5.7499E-15,34.6442539
2025-01-15 19:00:00,20.34292249,21.44636117,25.82940935,0,47.99149147
2025-01-15 20:00:00,20,49.31522553,53.02727035,0,37.67782443
2025-01-15 21:00:00,20,32.20723882,34.86788659,0,40.87105722
2025-01-15 22:00:00,20,46.12260351,49.00707694,0,48.12944222
2025-01-15 23:00:00,20,43.47156452,45.12141356,0,42.48475992
2025-01-16 00:00:00,20,37.01048783,34.61335641,0,32.33796081
2025-01-16 01:00:00,20,42.15347628,46.22542658,0,48.79664247
2025-01-16 02:00:00,20,46.35546684,48.06278996,0,42.55416106
2025-01-16 03:00:00,20,32.12420965,32.72861596,0,36.69811229
2025-01-16 04:00:00,20,29.81099485,25.92088954,0,32.78544145
2025-01-16 05:00:00,20,40.02780157,39.498357,0,45.88050379
2025-01-16 06:00:00,20,44.23537826,43.83896097,0,42.40145512
2025-01-16 07:00:00,20,42.86855404,46.51419014,17.15912913,30.66922184
2025-01-16 08:00:00,20,43.93440947,44.40089167,37.4277565,37.87785166
2025-01-16 09:00:00,20.16804501,33.06749944,31.87150493,52.57644474,35.77194422
2025-01-16 10:00:00,20.53521367,44.53502649,49.30302977,59.75036384,23.03349759
2025-01-16 11:00:00,20.87272448,23.60627166,19.71347759,59.9855222,26.23444136
2025-01-16 12:00:00,20.96509663,36.33467294,35.56015722,34.20699825,24.9697828
2025-01-16 13:00:00,20.98414579,20.17275981,15.59300657,36.78384225,34.87892585
2025-01-16 14:00:00,21.42633231,29.7375749,32.1366161,64.88929981,20.67064869
2025-01-16 15:00:00,21.53889145,30.99384605,35.17461157,42.65370846,31.3977937
2025-01-16 16:00:00,21.33869898,31.88518075,29.68555404,15.22992629,35.24917371
2025-01-16 17:00:00,21.05412295,40.8640162,44.44743297,9.077709745,37.53531274
2025-01-16 18:00:00,20.6857066,31.65674304,29.57892534,7.73672E-15,36.84163497
2025-01-16 19:00:00,20.22145514,33.46080868,37.5685103,0,46.42514609
2025-01-16 20:00:00,20,27.12632393,29.66594296,0,32.21263474
2025-01-16 21:00:00,20,31.19755375,34.24662152,0,46.92904583
2025-01-16 22:00:00,20,26.81808882,21.99815437,0,32.54977325
2025-01-16 23:00:00,20,22.19587771,26.82398128,0,37.94574581
2025-01-17 00:00:00,20,38.1034578,40.37016772,0,45.94590732
2025-01-17 01:00:00,20,40.04638396,38.09389491,0,32.99834855
2025-01-17 02:00:00,20,38.58471038,41.87865703,0,34.5850279
2025-01-17 03:00:00,20,33.90482131,31.7200333,0,44.44505137
2025-01-17 04:00:00,20,31.39357341,35.1211118,0,44.40073073
2025-01-17 05:00:00,20,45.90000949,42.02581339,0,42.82295266
2025-01-17 06:00:00,20,35.57245355,37.60931333,0,43.87896889
2025-01-17 07:00:00,20,34.37545633,34.7824411,9.845580669,30.85448887
2025-01-17 08:00:00,20.03682364,20.76926197,16.73460668,28.71834473,25.03598118
2025-01-17 09:00:00,20.22443836,30.23743483,27.65637311,45.67539274,26.91391987
2025-01-17 10:00:00,20.53023395,31.40586856,26.52990893,54.21151276,23.63195434
2025-01-17 11:00:00,20.54663534,31.96468343,31.65236308,39.80915069,38.16901123
2025-01-17 12:00:00,20.88604659,37.40517108,35.41782368,65.60896107,31.6678359
2025-01-17 13:00:00,21.01023657,36.0080764,36.99165124,40.43602583,28.01702834
2025-01-17 14:00:00,21.11854523,38.23715278,36.20953086,40.07098236,29.24011607
2025-01-17 15:00:00,21.20514517,42.94649785,40.94568896,47.60566017,38.94566679
2025-01-17 16:00:00,21.28688311,44.38957216,46.82150415,31.24082248,23.06702806
2025-01-17 17:00:00,21.15718045,41.54369229,37.02512065,18.75433096,31.72459664
2025-01-17 18:00:00,20.75600272,48.66571088,52.69466083,7.70066E-15,40.11777358
2025-01-17 19:00:00,20.33371187,20.54697748,24.06961622,0,42.22908471
2025-01-17 20:00:00,20.03008983,25.87333957,27.5513864,0,30.36220368
2025-01-17 21:00:00,20,20.22688625,21.15910195,0,47.44247818
2025-01-17 22:00:00,20,39.42424142,43.34726641,0,48.64236565
2025-01-17 23:00:00,20,46.94091647,43.79421826,0,41.30266367
2025-01-18 00:00:00,20,27.3044689,23.09416052,0,43.93301648
2025-01-18 01:00:00,20,47.81103634,45.20613804,0,48.44998762
2025-01-18 02:00:00,20,21.80802171,24.7538045,0,44.14477269
2025-01-18 03:00:00,20,48.0330808,43.37978347,0,33.05078086
2025-01-18 04:00:00,20,30.54868062,31.37674897,0,41.5257672
2025-01-18 05:00:00,20,23.04262485,27.99700002,0,42.13430093
2025-01-18 06:00:00,20,34.57615278,38.13311371,0,38.48261343
2025-01-18 07:00:00,20,27.70329703,27.91775392,8.976812051,34.72888471
2025-01-18 08:00:00,20,28.54618706,24.18259615,24.19289508,38.6873403
2025-01-18 09:00:00,20,29.21869895,32.53243409,30.58952306,38.51137026
2025-01-18 10:00:00,20.07529036,44.09077693,45.08056202,36.54582358,29.01678743
2025-01-18 11:00:00,20.61234851,36.1748383,32.32416827,75.97057599,22.26476092
2025-01-18 12:00:00,20.71192913,29.33923097,25.27780382,49.65488623,39.69682398
2025-01-18 13:00:00,21.06475267,38.3100135,42.40628169,72.06031508,36.77796173
2025-01-18 14:00:00,21.3729188,41.48452023,43.17652286,53.30986628,22.49325362
2025-01-18 15:00:00,21.48189068,28.17872002,31.47158802,49.31402656,38.41683765
2025-01-18 16:00:00,21.38357068,32.40647305,36.19626205,27.56592733,37.39792724
2025-01-18 17:00:00,21.23210564,23.6565828,24.37430632,15.23025698,30.37676114
2025-01-18 18:00:00,20.81385056,25.43448049,25.608944,6.68974E-15,41.82550871
2025-01-18 19:00:00,20.43405002,40.43353562,39.73780972,0,37.98005408
2025-01-18 20:00:00,20.12309769,25.44315043,23.61261631,0,31.09523278
2025-01-18 21:00:00,20,35.75490151,35.10086112,0,36.70394483
2025-01-18 22:00:00,20,41.27138785,44.01018441,0,46.05706897
2025-01-18 23:00:00,20,23.20630769,24.225542,0,30.09264046
2025-01-19 00:00:00,20,37.01936659,40.94459949,0,36.66998343
2025-01-19 01:00:00,20,27.69688351,27.13068365,0,37.96337387
2025-01-19 02:00:00,20,48.88780626,49.95870204,0,40.74791206
2025-01-19 03:00:00,20,34.5063694,35.81944493,0,48.39711233
2025-01-19 04:00:00,20,44.17977649,45.09674812,0,36.92691989
2025-01-19 05:00:00,20,36.50679626,38.533134,0,36.93906404
2025-01-19 06:00:00,20,21.30237599,18.67671067,0,44.75002496
2025-01-19 07:00:00,20,38.99454127,39.11817904,17.11378968,29.04435882
2025-01-19 08:00:00,20,48.54210027,44.58434829,22.01930906,24.49209646
2025-01-19 09:00:00,20,38.0483546,36.89346788,22.07290267,29.04879032
2025-01-19 10:00:00,20.31113392,44.57566578,44.45233647,53.9305324,22.81714041
2025-01-19 11:00:00,20.45117216,46.5261939,48.0484365,37.53156376,23.52773973
2025-01-19 12:00:00,20.9217279,26.84239316,31.34770368,77.02292922,29.96735545
2025-01-19 13:00:00,21.38843268,26.3613452,27.36785586,75.04898724,28.37850899
2025-01-19 14:00:00,21.66141902,38.32942967,40.76536883,65.59555226,38.29691802
2025-01-19 15:00:00,21.73194314,32.33085409,32.39351469,34.30028979,27.24787798
2025-01-19 16:00:00,21.56968962,45.19583909,46.5368794,15.38641541,31.61176701
2025-01-19 17:00:00,21.44101574,47.0006937,42.71001586,19.77789755,32.64528576
2025-01-19 18:00:00,21.13839685,30.60264138,28.14655719,6.29581E-15,30.26188913
2025-01-19 19:00:00,20.70568938,27.10611677,25.7246477,0,43.27074744
2025-01-19 20:00:00,20.37008218,43.41576546,43.14069901,0,33.56071934
2025-01-19 21:00:00,20,28.24418107,23.70066852,0,49.22140635
2025-01-19 22:00:00,20,44.67842956,41.07867053,0,32.97325456
2025-01-19 23:00:00,20,32.71214761,30.48029069,0,38.29248247
2025-01-20 00:00:00,20,40.02649698,44.74182389,0,31.70699336
2025-01-20 01:00:00,20,22.86605942,21.17952949,0,49.93748504
2025-01-20 02:00:00,20,38.71577974,38.53619032,0,40.04390021
2025-01-20 03:00:00,20,33.55303036,30.51400749,0,41.90770035
2025-01-20 04:00:00,20,37.5982539,38.70605461,0,31.34152955
2025-01-20 05:00:00,20,25.04042623,22.84725839,0,44.99920941
2025-01-20 06:00:00,20,42.10621235,39.17613813,0,34.19811186
2025-01-20 07:00:00,20,45.88391233,46.04963861,20.23473147,37.96108579
2025-01-20 08:00:00,20.12222444,26.502194,21.55725199,36.32523639,24.10279281
2025-01-20 09:00:00,20.20032233,22.87143667,17.94807699,31.62354385,23.81375441
2025-01-20 10:00:00,20.41957223,20.70915758,17.89984567,42.65598291,20.73099336
2025-01-20 11:00:00,20.82600403,39.25914501,34.62635864,70.08451942,29.4413389
2025-01-20 12:00:00,20.97149681,38.21282108,34.29307862,45.84610026,31.29682267
2025-01-20 13:00:00,21.12999154,36.40092238,34.78952887,37.16364586,21.31417279
2025-01-20 14:00:00,21.27579565,26.95841288,29.98426968,50.09096402,35.51055233
2025-01-20 15:00:00,21.52825062,31.72717988,32.44766631,54.31127289,29.06577669
2025-01-20 16:00:00,21.54738001,37.83429006,37.96096732,32.40074492,30.48780539
2025-01-20 17:00:00,21.41064452,34.90300577,32.837894,15.14170574,28.81525494
2025-01-20 18:00:00,21.03049191,49.63356561,53.9511028,4.26897E-15,38.01526122
2025-01-20 19:00:00,20.61856384,24.09319258,23.06334299,0,41.19280663
2025-01-20 20:00:00,20.28751579,40.85433662,36.72526429,0,33.10480492
2025-01-20 21:00:00,20,32.12956304,33.3002282,0,33.63856261
2025-01-20 22:00:00,20,32.84598845,28.98437238,0,47.23571242
2025-01-20 23:00:00,20,41.52793297,39.9801644,0,48.92230924
2025-01-21 00:00:00,20,40.77308454,40.84720393,0,37.46618633
2025-01-21 01:00:00,20,49.73767981,53.47990506,0,35.41489346
2025-01-21 02:00:00,20,23.85182868,23.78729449,0,42.87999086
2025-01-21 03:00:00,20,23.12328948,25.14587714,0,38.17468342
2025-01-21 04:00:00,20,41.73016451,46.6583329,0,30.50772711
2025-01-21 05:00:00,20,37.35160751,33.66649871,0,33.12305195
2025-01-21 06:00:00,20,28.22482,25.97213525,0,44.31944458
2025-01-21 07:00:00,20,22.38258107,21.32834183,20.57681096,33.17847884
2025-01-21 08:00:00,20,22.56974749,21.78802927,18.50210038,20.54191985
2025-01-21 09:00:00,20.15099481,46.82572624,45.93593699,39.53892404,24.43944324
2025-01-21 10:00:00,20.54450115,25.75601974,29.83212977,63.97213056,24.62149593
2025-01-21 11:00:00,20.85766412,29.70114686,31.84147331,64.75415175,33.43785487
2025-01-21 12:00:00,21.30222989,26.79969207,27.87874421,64.85078705,20.39421076
2025-01-21 13:00:00,21.71045968,30.64988917,28.74361635,62.90515075,22.08217164
2025-01-21 14:00:00,21.76594832,22.08271528,25.32061912,41.54718558,35.99832171
2025-01-21 15:00:00,21.84617181,35.57179373,40.12239884,31.59324263,23.57089324
2025-01-21 16:00:00,21.86796288,22.02837691,25.24035973,35.23402889,33.05492216
2025-01-21 17:00:00,21.80280842,44.01069523,39.02634629,18.24821011,24.76365562
2025-01-21 18:00:00,21.48292014,27.01136246,28.37537616,8.98323E-15,31.98882786
2025-01-21 19:00:00,21.13428571,36.20035744,31.71171125,0,34.86344382
2025-01-21 20:00:00,20.68983232,46.40237263,43.97844483,0,44.44533864
2025-01-21 21:00:00,20.21869303,39.52632107,35.12156807,0,47.11392936
2025-01-21 22:00:00,20,35.9887336,37.02668813,0,46.60439729
2025-01-21 23:00:00,20,29.73001259,31.59591173,0,37.94367059
2025-01-22 00:00:00,20,29.99005739,26.13493377,0,43.36170273
2025-01-22 01:00:00,20,40.08460866,38.92299749,0,34.09968591
2025-01-22 02:00:00,20,49.82418084,49.38654593,0,35.86295461
2025-01-22 03:00:00,20,39.8551757,38.54570591,0,47.92671637
2025-01-22 04:00:00,20,36.73350252,32.94375253,0,30.26003847
2025-01-22 05:00:00,20,41.91951531,41.10899321,0,31.71017062
2025-01-22 06:00:00,20,33.95616837,36.46794885,0,34.1577251
2025-01-22 07:00:00,20,21.80427028,17.51434692,14.38182892,20.53064408
2025-01-22 08:00:00,20.03909199,36.86890448,32.67070462,27.53790737,23.6287087
2025-01-22 09:00:00,20.21685568,48.72875854,47.27647145,49.43720016,31.66083122
2025-01-22 10:00:00,20.47382102,25.25908827,29.67634539,54.12502589,28.42849101
2025-01-22 11:00:00,20.7240884,40.70014672,42.38587319,62.88017159,37.85343422
2025-01-22 12:00:00,21.05849602,26.02801066,27.81471023,69.78963347,36.34887123
2025-01-22 13:00:00,21.50974987,36.07483053,34.69403044,71.96173205,26.83634703
2025-01-22 14:00:00,21.664029,22.90029349,23.8369014,40.61638172,25.18846867
2025-01-22 15:00:00,21.73301118,33.51112809,28.61243993,34.49206607,27.59384816
2025-01-22 16:00:00,21.58844768,42.68489987,44.04586033,17.3495485,31.80589885
2025-01-22 17:00:00,21.48731562,30.42714573,34.5600152,15.24806705,25.36127282
2025-01-22 18:00:00,21.06248584,39.94735173,41.07308642,3.89402E-15,42.48297816
2025-01-22 19:00:00,20.68060351,43.86349882,47.60048476,0,38.18823304
2025-01-22 20:00:00,20.27019407,47.81533458,50.05506514,0,41.04094362
2025-01-22 21:00:00,20,27.03926246,23.24484662,0,38.72253058
2025-01-22 22:00:00,20,31.97947747,36.00401055,0,35.88931519
2025-01-22 23:00:00,20,24.5724804,20.23691884,0,48.96906614
2025-01-23 00:00:00,20,49.77450506,50.11417979,0,45.27211588
2025-01-23 01:00:00,20,47.81002904,44.23140028,0,32.80226352
2025-01-23 02:00:00,20,36.19871391,31.31578002,0,47.36935952
2025-01-23 03:00:00,20,45.26099883,44.48134143,0,39.74862396
2025-01-23 04:00:00,20,35.62873932,33.57914639,0,47.89104454
2025-01-23 05:00:00,20,38.70757064,38.56757558,0,45.99710512
2025-01-23 06:00:00,20,22.67373296,23.44573183,0,38.50427009
2025-01-23 07:00:00,20,42.65811261,38.09550334,14.78690966,20.44938617
2025-01-23 08:00:00,20,23.83140451,20.06143746,22.1635313,25.37354719
2025-01-23 09:00:00,20.11269629,44.78202891,45.36845287,42.10231369,30.83268429
2025-01-23 10:00:00,20.05901527,43.46084263,41.89251616,27.30146168,32.6695644
2025-01-23 11:00:00,20.11525327,41.26234093,43.55407581,30.78155379,25.15775371
2025-01-23 12:00:00,20.59868233,21.08481142,22.6077279,71.13002803,22.78712148
2025-01-23 13:00:00,20.69543276,29.09385068,32.54989431,46.37364694,36.69860474
2025-01-23 14:00:00,20.61337876,27.8933771,29.81830536,31.4826437,39.68804361
2025-01-23 15:00:00,20.70501363,30.80409222,30.103403,39.67729097,30.51380365
2025-01-23 16:00:00,20.81317616,22.6292824,24.35894863,34.24983883,23.43358572
2025-01-23 17:00:00,20.6642897,48.10873469,45.86254643,10.55750097,25.44614653
2025-01-23 18:00:00,20.36061157,36.61406722,34.67720221,7.48804E-15,30.36781353
2025-01-23 19:00:00,20,29.16572932,32.05558092,0,48.28597613
2025-01-23 20:00:00,20,31.90944551,31.37364068,0,32.35502166
2025-01-23 21:00:00,20,33.41607622,36.39987962,0,41.53032951
2025-01-23 22:00:00,20,38.01783,41.24205374,0,35.48110441
2025-01-23 23:00:00,20,35.47038283,39.04600621,0,41.08356005
2025-01-24 00:00:00,20,47.5817592,51.74811155,0,43.02840777
2025-01-24 01:00:00,20,34.90890449,34.21875669,0,46.59483607
2025-01-24 02:00:00,20,49.76474044,47.95340863,0,34.12842544
2025-01-24 03:00:00,20,45.54274873,46.3647362,0,30.21991657
2025-01-24 04:00:00,20,26.25531543,24.96703967,0,32.7377126
2025-01-24 05:00:00,20,47.91785644,48.92859811,0,48.00037284
2025-01-24 06:00:00,20,23.49099194,25.54685056,0,47.47780155
2025-01-24 07:00:00,20,44.52349125,46.40754144,8.433382039,31.94826204
2025-01-24 08:00:00,20,31.4186988,30.16422767,28.28386579,32.01033721
2025-01-24 09:00:00,20.07026808,46.33922961,43.00783163,40.32754147,33.30073349
2025-01-24 10:00:00,20.37101669,46.0417007,45.34699409,53.5822865,23.50742557
2025-01-24 11:00:00,20.62858723,44.177762,40.60370344,64.04529336,38.28823892
2025-01-24 12:00:00,21.13275917,43.70091309,47.60188344,78.79260397,28.3754105
2025-01-24 13:00:00,21.39526313,29.14037417,27.59914878,53.91316682,27.66277056
2025-01-24 14:00:00,21.49113147,22.42757849,18.97217596,39.96518761,30.37835411
2025-01-24 15:00:00,21.77501108,32.08940536,27.34388296,49.32728097,20.93931934
2025-01-24 16:00:00,21.75946247,25.20573545,26.66395931,21.77080628,23.32566738
2025-01-24 17:00:00,21.54630854,40.84853267,42.21755584,13.44527955,34.76067233
2025-01-24 18:00:00,21.22974881,30.3829918,28.78903346,4.15435E-15,31.65597336
2025-01-24 19:00:00,20.80911839,49.26830603,44.98542491,0,42.06304219
2025-01-24 20:00:00,20.46004857,39.22916232,38.32545127,0,34.90698219
2025-01-24 21:00:00,20.08218944,44.67441691,42.78659186,0,37.78591228
2025-01-24 22:00:00,20,23.97574018,25.74694658,0,35.77387474
2025-01-24 23:00:00,20,45.86043447,46.91822696,0,37.11345433
2025-01-25 00:00:00,20,47.68271572,46.328653,0,44.3809181
2025-01-25 01:00:00,20,34.61185756,31.79078311,0,35.94243431
2025-01-25 02:00:00,20,38.18758813,43.06794779,0,41.32809281
2025-01-25 03:00:00,20,42.94429403,42.48431024,0,39.52100804
2025-01-25 04:00:00,20,25.24515882,27.12790118,0,43.27342331
2025-01-25 05:00:00,20,35.07698229,31.48251197,0,48.73659479
2025-01-25 06:00:00,20,31.95989083,31.81578783,0,44.65144194
2025-01-25 07:00:00,20,24.39121976,19.66658696,20.22215853,24.29880757
2025-01-25 08:00:00,20.1527584,31.02603267,31.08058385,35.89950301,20.6236627
2025-01-25 09:00:00,20.35850167,22.04516928,26.68534335,45.81960747,25.24528089
2025-01-25 10:00:00,20.47637552,20.77435721,19.61642434,43.68894405,31.90155861
2025-01-25 11:00:00,20.63956284,24.05498867,19.4449488,37.34724775,21.02851627
2025-01-25 12:00:00,20.71850811,48.89345335,44.20301126,37.82185213,29.92732494
2025-01-25 13:00:00,20.80977533,36.48588608,35.36575368,41.0635787,31.93685698
2025-01-25 14:00:00,21.04055629,48.97466483,45.5749142,49.76297432,26.68487782
2025-01-25 15:00:00,21.1511537,32.97493635,28.20845731,46.47798457,35.41824407
2025-01-25 16:00:00,21.24488339,29.35448399,31.91662013,31.50493442,22.13196506
2025-01-25 17:00:00,21.14372766,35.18425589,34.76948597,11.38718255,21.50275563
2025-01-25 18:00:00,20.69808991,33.18535066,31.07779838,9.5208E-15,44.56377512
2025-01-25 19:00:00,20.29899165,23.16994053,27.17077236,0,39.90982632
2025-01-25 20:00:00,20,39.22478944,35.38617904,0,43.76804793
2025-01-25 21:00:00,20,26.48114548,31.04033376,0,38.69654677
2025-01-25 22:00:00,20,38.58763865,36.72730582,0,34.92804066
2025-01-25 23:00:00,20,39.50603277,43.3900695,0,46.38204635
2025-01-26 00:00:00,20,24.56074559,25.59017436,0,45.98831758
2025-01-26 01:00:00,20,21.84048881,25.10756241,0,43.89392942
2025-01-26 02:00:00,20,43.42284758,48.26297921,0,35.44290274
2025-01-26 03:00:00,20,33.79401271,31.67806709,0,41.80461334
2025-01-26 04:00:00,20,21.74491387,26.35626872,0,37.21947794
2025-01-26 05:00:00,20,49.84598952,48.74080846,0,31.83164147
2025-01-26 06:00:00,20,21.73341683,20.58853588,0,48.34627151
2025-01-26 07:00:00,20,40.85105687,39.25492791,14.93844068,22.73637262
2025-01-26 08:00:00,20,49.51036776,49.92444383,30.29301866,39.00474708
2025-01-26 09:00:00,20.0712819,27.17540313,23.71685356,36.04830591,28.92011546
2025-01-26 10:00:00,20.20133361,24.26748106,24.80459591,36.70782862,23.70265858
2025-01-26 11:00:00,20.35465277,23.64154818,24.05859631,46.16993498,30.83801895
2025-01-26 12:00:00,20.65898665,29.09825443,31.71727255,67.89230552,37.45891672
2025-01-26 13:00:00,20.60927095,23.03137433,26.36787395,29.67292691,34.64449773
2025-01-26 14:00:00,20.55802726,40.76484025,40.16925375,31.00685488,36.13122296
2025-01-26 15:00:00,20.45466702,21.86875394,19.89208644,22.83964244,33.17566733
2025-01-26 16:00:00,20.2763939,35.28266384,32.87601282,16.01822006,33.84553129
2025-01-26 17:00:00,20.09490523,49.90090562,46.84714398,18.83504593,36.98391303
2025-01-26 18:00:00,20,44.41910809,39.99558391,7.9826E-15,34.99336018
2025-01-26 19:00:00,20,38.45658315,36.88106294,0,39.78849927
2025-01-26 20:00:00,20,29.18760862,26.89008554,0,34.42418884
2025-01-26 21:00:00,20,38.71687509,43.38104895,0,49.75336016
2025-01-26 22:00:00,20,35.81124392,36.38833218,0,48.88118679
2025-01-26 23:00:00,20,32.78250152,31.25527191,0,30.78853623
2025-01-27 00:00:00,20,23.9213113,24.72598731,0,44.11150345
2025-01-27 01:00:00,20,46.59812646,42.99009347,0,48.50496635
2025-01-27 02:00:00,20,33.49353946,32.93397696,0,33.6115069
2025-01-27 03:00:00,20,25.83867535,27.10101857,0,41.35890461
2025-01-27 04:00:00,20,31.03278053,30.92175884,0,48.30976595
2025-01-27 05:00:00,20,32.42389258,31.44168058,0,30.67891957
2025-01-27 06:00:00,20,44.82613687,49.76462076,0,43.94840534
2025-01-27 07:00:00,20,42.00843142,45.81157904,9.030638555,25.94698015
2025-01-27 08:00:00,20,43.07914681,44.31320639,27.29039688,38.48792391
2025-01-27 09:00:00,20,20.33093793,21.02471154,37.95295843,39.4211649
2025-01-27 10:00:00,20,32.48461995,33.69122474,33.48062308,38.88532978
2025-01-27 11:00:00,20.20446916,34.44032455,31.45344563,49.93120043,29.48428433
2025-01-27 12:00:00,20.331313,20.5757683,19.52714574,49.92523672,37.24085302
2025-01-27 13:00:00,20.54961362,27.79439626,23.18899159,58.72105053,36.89098797
2025-01-27 14:00:00,20.82060477,42.80869469,42.56415507,53.48112389,26.38200946
2025-01-27 15:00:00,20.68297109,24.11329117,24.54353701,22.81494206,36.57830948
2025-01-27 16:00:00,20.71922272,36.05930394,33.3368013,24.36531537,20.74015269
2025-01-27 17:00:00,20.55860669,26.45605616,31.09634463,15.86379464,31.92539757
2025-01-27 18:00:00,20.21260492,20.36362324,24.45816935,6.75476E-15,34.60017675
2025-01-27 19:00:00,20,27.23604373,29.45747608,0,32.41133772
2025-01-27 20:00:00,20,49.27621265,49.61007893,0,31.53906403
2025-01-27 21:00:00,20,44.04611336,47.74580495,0,43.92577552
2025-01-27 22:00:00,20,48.78729933,45.09382277,0,36.79749928
2025-01-27 23:00:00,20,34.63562132,37.54071926,0,44.49533543
2025-01-28 00:00:00,20,23.29208596,19.5402941,0,31.30712682
2025-01-28 01:00:00,20,36.43878467,39.38089129,0,36.30580676
2025-01-28 02:00:00,20,33.63132004,31.38899572,0,40.78982585
2025-01-28 03:00:00,20,45.33071248,49.10161829,0,45.8144633
2025-01-28 04:00:00,20,22.94247742,27.38289836,0,36.37505006
2025-01-28 05:00:00,20,34.64723411,31.1351938,0,42.51782753
2025-01-28 06:00:00,20,24.50145994,24.12821599,0,47.71955496
2025-01-28 07:00:00,20,29.74027781,34.55015159,16.28869419,32.31726376
2025-01-28 08:00:00,20,42.12071232,41.95478668,19.07336068,24.6591895
2025-01-28 09:00:00,20.0322017,34.28054388,37.91601911,23.70818543,20.48801563
2025-01-28 10:00:00,20.19616525,31.27664855,32.16396378,53.79833285,37.40197748
2025-01-28 11:00:00,20.2944931,31.83428836,30.58758744,30.25817277,20.42538822
2025-01-28 12:00:00,20.51244055,33.78340305,31.64123861,59.28877906,37.49403345
2025-01-28 13:00:00,20.95052721,43.55049632,40.58272723,74.38740843,30.57874268
2025-01-28 14:00:00,21.07170892,46.76254067,49.38052258,50.89952498,38.78135397
2025-01-28 15:00:00,21.0613231,48.6600406,47.52544566,34.93708279,35.97566472
2025-01-28 16:00:00,20.97255833,43.60710159,43.71985621,31.08220546,39.95868221
2025-01-28 17:00:00,20.83936397,29.46220687,29.38546167,13.69480013,27.01423631
2025-01-28 18:00:00,20.38592631,40.64404118,41.41683147,7.01488E-15,45.34376578
2025-01-28 19:00:00,20.00554013,33.12809372,36.78386518,0,38.03861827
2025-01-28 20:00:00,20,27.64011866,32.4475121,0,39.59751241
2025-01-28 21:00:00,20,45.22614738,44.30198947,0,42.55010926
2025-01-28 22:00:00,20,21.15279047,24.42797969,0,47.47354228
2025-01-28 23:00:00,20,47.05285976,49.69813771,0,49.68166938
2025-01-29 00:00:00,20,33.84432394,34.57961345,0,45.36546828
2025-01-29 01:00:00,20,39.1160443,43.67651574,0,38.35533564
2025-01-29 02:00:00,20,39.78061767,36.78536282,0,38.42714005
2025-01-29 03:00:00,20,46.85353222,42.94617432,0,44.75164603
2025-01-29 04:00:00,20,39.10009047,42.63971013,0,34.77554292
2025-01-29 05:00:00,20,38.41800754,37.80950571,0,32.20948226
2025-01-29 06:00:00,20,21.99956122,25.46924976,0,37.09244315
2025-01-29 07:00:00,20,35.55224066,39.48314271,12.76110715,25.74477983
2025-01-29 08:00:00,20.13103602,24.50507002,20.12964596,39.0297641,25.92616241
2025-01-29 09:00:00,20.41653629,42.12301306,45.95766069,53.22218235,24.67215502
2025-01-29 10:00:00,20.55270532,35.36665762,34.84984818,34.45876694,20.84186379
2025-01-29 11:00:00,20.67240722,40.40683338,40.51115827,32.32766838,20.35747869
2025-01-29 12:00:00,20.62525174,21.25018702,22.51611213,35.03890007,39.75444779
2025-01-29 13:00:00,20.63827533,22.54376048,26.80758655,29.85782139,28.55546267
2025-01-29 14:00:00,20.66211262,41.48970164,36.68086259,30.07026227,27.68653294
2025-01-29 15:00:00,20.77979456,22.16253008,21.93096476,45.36113949,33.59294565
2025-01-29 16:00:00,20.70394094,22.13770183,24.01492226,16.77971621,24.36507776
2025-01-29 17:00:00,20.43287291,20.36325426,22.59032383,11.89241976,38.99922368
2025-01-29 18:00:00,20,48.69504195,50.62036626,8.84731E-15,45.72690029
2025-01-29 19:00:00,20,42.12525078,38.46960208,0,31.78822005
2025-01-29 20:00:00,20,30.59754226,28.59149814,0,38.35161552
2025-01-29 21:00:00,20,28.89606744,27.48322269,0,47.58236615
2025-01-29 22:00:00,20,30.49109689,33.53546897,0,48.89464045
2025-01-29 23:00:00,20,43.23960594,41.02720466,0,39.34803022
2025-01-30 00:00:00,20,39.84111833,36.94816797,0,42.26822778
2025-01-30 01:00:00,20,25.55586704,30.13034723,0,33.34067892
2025-01-30 02:00:00,20,25.22328006,20.31191291,0,49.82337252
2025-01-30 03:00:00,20,22.95186949,27.93007805,0,34.63343403
2025-01-30 04:00:00,20,39.80908159,41.57729458,0,48.85463548
2025-01-30 05:00:00,20,42.93117987,46.21587286,0,42.99293298
2025-01-30 06:00:00,20,27.95139285,25.89758681,0,42.1547359
2025-01-30 07:00:00,20,20.62834883,15.77150161,18.3045691,30.25377022
2025-01-30 08:00:00,20,22.46515002,24.84384521,22.04636937,24.61339623
2025-01-30 09:00:00,20.018604,49.03580105,52.37724702,25.39096098,23.53056064
2025-01-30 10:00:00,20.33601043,28.86334332,31.26810464,56.15036636,24.40972418
2025-01-30 11:00:00,20.69225659,43.07669444,39.50519731,59.35338174,23.72876524
2025-01-30 12:00:00,21.0750757,38.73990707,41.27418629,73.87360068,35.59168947
2025-01-30 13:00:00,21.44984045,31.45818919,34.14741701,64.47898006,27.00250518
2025-01-30 14:00:00,21.84599699,26.17061787,27.75602302,60.77250697,21.15685353
2025-01-30 15:00:00,21.76402277,23.64159254,26.30275187,31.18463138,39.3820526
2025-01-30 16:00:00,21.58162548,38.45038904,41.90960344,19.43598859,37.6757177
2025-01-30 17:00:00,21.37085744,43.23901342,44.37505456,17.47824102,38.55504566
2025-01-30 18:00:00,20.87187587,39.31712761,35.20317475,8.61438E-15,49.89815645
2025-01-30 19:00:00,20.53709682,35.909064,35.78534209,0,33.47790498
2025-01-30 20:00:00,20.15784842,21.2585367,17.03503005,0,37.92484038
2025-01-30 21:00:00,20,49.05466333,48.13009364,0,45.16476951
2025-01-30 22:00:00,20,43.96142575,43.03249064,0,43.92041236
2025-01-30 23:00:00,20,28.7846611,24.44475954,0,33.07791813
